,precision,recall,f1-score,support
0,0.9897632757517595,0.9872367581365666,0.9884984025559106,1567.0
1,0.9875699192044748,0.990031152647975,0.9887990043559427,1605.0
accuracy,0.9886506935687264,0.9886506935687264,0.9886506935687264,0.9886506935687264
macro avg,0.9886665974781171,0.9886339553922708,0.9886487034559266,3172.0
weighted avg,0.9886534594660117,0.9886506935687264,0.988650504034174,3172.0
